time,dest_type,steps,avg_steps
2.922059,target,1,1.0
3.871897,target,3,2.0
5.105638,target,1,1.6666666666666667
5.571961,parent,1,1.0
6.138411,target,1,1.5
6.7056,target,2,1.6
6.839009,target,1,1.5
8.076615,target,3,1.7142857142857142
8.108764,target,3,1.875
8.122157,target,2,1.8888888888888888
8.172791,target,2,1.9
8.455212,target,3,2.0
9.128023,parent,1,1.0
10.871952,target,2,2.0
10.988773,target,1,1.9230769230769231
11.119317,target,16,2.9285714285714284
11.405271,target,10,3.4
11.405426,parent,4,2.0
11.621874,parent,7,3.25
12.109982,target,3,3.375
12.38848,target,6,3.5294117647058822
12.504968,target,23,4.611111111111111
12.705158,target,1,4.421052631578948
12.810683,target,4,4.4
13.174607,target,2,4.285714285714286
13.443257,target,5,4.318181818181818
13.811404,target,2,4.217391304347826
14.288648,parent,4,3.4
14.421894,parent,1,3.0
14.455388,parent,1,2.7142857142857144
14.505395,target,4,4.208333333333333
14.599504,target,6,4.28
14.659085,target,4,4.269230769230769
14.70527,target,5,4.296296296296297
14.853699,target,3,4.25
15.005176,target,1,4.137931034482759
15.038553,target,4,4.133333333333334
15.061332,parent,2,2.625
15.110812,target,10,4.32258064516129
15.347699,target,10,4.5
15.375614,target,9,4.636363636363637
16.198962,target,7,4.705882352941177
16.602263,target,6,4.742857142857143
16.653481,target,8,4.833333333333333
16.862384,parent,8,3.2222222222222223
17.226421,target,12,5.027027027027027
17.486988,target,6,5.052631578947368
17.881959,parent,2,3.1
18.079398,target,2,4.9743589743589745
18.114834,target,16,5.25
18.910545,parent,4,3.1818181818181817
19.144081,target,10,5.365853658536586
19.14426,target,8,5.428571428571429
19.30314,target,7,5.465116279069767
19.738612,target,8,5.5227272727272725
19.865795,target,11,5.644444444444445
20.005343,target,10,5.739130434782608
20.005654,parent,8,3.5833333333333335
20.329888,target,13,5.8936170212765955
20.614895,target,10,5.979166666666667
20.881739,parent,3,3.5384615384615383
21.038799,target,8,6.020408163265306
21.499501,target,7,6.04
21.516193,parent,1,3.357142857142857
21.755135,target,7,6.0588235294117645
22.065828,target,10,6.134615384615385
22.43278,target,10,6.2075471698113205
23.129599,target,8,6.2407407407407405
23.464023,parent,7,3.6
23.531052,target,10,6.3090909090909095
23.587743,target,11,6.392857142857143
23.602662,parent,4,3.625
24.186053,target,7,6.4035087719298245
24.346216,target,19,6.620689655172414
24.710803,target,5,6.593220338983051
24.913764,target,19,6.8
25.03831,parent,10,4.0
25.148514,parent,4,4.0
25.168188,target,3,6.737704918032787
25.488032,parent,1,3.8421052631578947
25.663783,parent,7,4.0
25.845934,parent,21,4.809523809523809
26.183224,parent,11,5.090909090909091
26.607115,target,1,6.645161290322581
26.917809,target,29,7.0
26.995671,target,12,7.078125
27.694388,target,7,7.076923076923077
28.061574,target,11,7.136363636363637
28.351534,parent,13,5.434782608695652
28.534605,parent,7,5.5
29.308474,parent,5,5.48
29.619976,parent,4,5.423076923076923
29.699636,target,14,7.2388059701492535
29.917555,target,7,7.235294117647059
30.106034,parent,9,5.555555555555555
30.340991,parent,3,5.464285714285714
30.531011,parent,17,5.862068965517241
30.606608,parent,3,5.766666666666667
30.671051,target,17,7.3768115942028984
30.766432,target,15,7.485714285714286
30.859085,target,18,7.633802816901408
30.995905,parent,1,5.612903225806452
31.196278,target,1,7.541666666666667
31.933679,target,11,7.589041095890411
32.534433,parent,4,5.5625
32.534588,parent,16,5.878787878787879
32.818177,target,6,7.5675675675675675
33.168807,parent,9,5.970588235294118
33.313842,target,2,7.493333333333333
34.118471,parent,14,6.2
34.437763,target,15,7.592105263157895
34.574952,target,22,7.779220779220779
34.901662,target,33,8.102564102564102
35.139209,parent,29,6.833333333333333
35.36968,target,34,8.430379746835444
35.964518,parent,9,6.891891891891892
36.033309,parent,5,6.842105263157895
36.033465,target,22,8.6
36.115876,target,7,8.580246913580247
36.161484,target,14,8.646341463414634
36.662364,target,12,8.686746987951807
36.697473,parent,7,6.846153846153846
37.148131,parent,11,6.95
37.330236,target,19,8.80952380952381
38.000762,target,11,8.83529411764706
38.359595,parent,14,7.121951219512195
38.359704,target,16,8.918604651162791
38.474194,parent,3,7.023809523809524
38.910618,target,2,8.839080459770114
39.16997,parent,2,6.906976744186046
39.343765,target,23,9.0
39.41451,parent,1,6.7727272727272725
40.121494,parent,10,6.844444444444444
40.614302,target,17,9.089887640449438
40.67099,parent,11,6.934782608695652
40.781481,parent,25,7.319148936170213
41.06007,parent,24,7.666666666666667
41.363081,target,19,9.2
41.363275,target,16,9.274725274725276
41.751256,parent,16,7.836734693877551
42.112569,parent,25,8.18
42.186713,target,3,9.206521739130435
42.854061,target,7,9.182795698924732
43.217145,target,3,9.117021276595745
43.365811,target,30,9.336842105263157
43.366062,parent,6,8.137254901960784
43.383106,target,26,9.510416666666666
43.743616,target,22,9.639175257731958
43.884594,parent,22,8.403846153846153
43.901141,parent,7,8.377358490566039
43.947541,parent,1,8.24074074074074
44.147272,target,1,9.551020408163266
44.147547,target,1,9.464646464646465
44.364459,parent,1,8.10909090909091
44.364602,parent,1,7.982142857142857
44.462799,target,22,9.59
44.591432,target,1,9.504950495049505
44.608777,target,1,9.42156862745098
44.819707,parent,1,7.859649122807017
45.146932,parent,28,8.206896551724139
45.902467,target,10,9.427184466019417
45.917918,parent,12,8.271186440677965
46.061283,parent,13,8.35
46.24285,target,6,9.39423076923077
46.731844,target,12,9.41904761904762
46.862062,target,3,9.358490566037736
47.097876,target,27,9.523364485981308
47.155882,parent,1,8.229508196721312
47.720091,parent,14,8.32258064516129
48.618751,target,28,9.694444444444445
48.618875,parent,3,8.238095238095237
48.943795,parent,4,8.171875
49.643927,parent,2,8.076923076923077
49.860516,target,1,9.614678899082568
50.251565,parent,10,8.106060606060606
51.149162,parent,18,8.253731343283581
51.834769,target,28,9.781818181818181
52.139085,target,40,10.054054054054054
53.162288,target,5,10.008928571428571
53.412117,parent,1,8.147058823529411
53.605421,target,1,9.929203539823009
53.938752,target,11,9.93859649122807
54.17433,parent,12,8.202898550724637
54.737906,target,19,10.017391304347827
54.914239,parent,24,8.428571428571429
54.970114,target,12,10.03448275862069
54.970383,target,8,10.017094017094017
55.376683,target,14,10.05084745762712
55.442856,parent,4,8.366197183098592
55.443003,target,32,10.235294117647058
55.488871,parent,20,8.527777777777779
55.628715,parent,5,8.479452054794521
56.185185,target,10,10.233333333333333
56.43214,target,23,10.338842975206612
56.472386,target,8,10.319672131147541
56.493711,parent,6,8.445945945945946
56.606266,target,26,10.447154471544716
56.825645,parent,26,8.68
56.923982,target,18,10.508064516129032
57.206334,target,62,10.92
57.267549,parent,24,8.881578947368421
57.39185,target,30,11.071428571428571
57.471273,target,1,10.992125984251969
57.619406,parent,20,9.025974025974026
57.644678,target,6,10.953125
57.729116,parent,37,9.384615384615385
58.256104,parent,2,9.291139240506329
58.357697,target,41,11.186046511627907
59.143156,parent,35,9.6125
59.248924,target,32,11.346153846153847
59.751125,parent,9,9.604938271604938
59.935486,target,1,11.267175572519085
61.143162,target,9,11.25
61.622039,target,43,11.488721804511279
61.760324,target,11,11.485074626865671
62.286423,target,22,11.562962962962963
62.537575,parent,7,9.573170731707316
62.667463,target,14,11.580882352941176
62.864657,target,23,11.664233576642335
63.286593,parent,9,9.566265060240964
63.367566,target,12,11.666666666666666
63.402382,parent,29,9.797619047619047
63.51689,target,30,11.798561151079136
63.654313,target,59,12.135714285714286
64.432735,parent,1,9.694117647058823
65.202967,parent,14,9.744186046511627
65.224881,parent,6,9.701149425287356
65.225103,target,20,12.191489361702128
65.266957,target,24,12.274647887323944
65.28425,target,49,12.531468531468532
65.655521,parent,4,9.636363636363637
66.141268,parent,17,9.719101123595506
66.610497,parent,12,9.744444444444444
67.151814,target,5,12.479166666666666
67.622818,parent,4,9.68131868131868
67.685866,parent,7,9.652173913043478
67.783406,parent,62,10.21505376344086
68.458553,target,5,12.427586206896551
68.522032,parent,34,10.46808510638298
68.870895,target,2,12.356164383561644
69.102626,parent,1,10.368421052631579
69.14018,parent,3,10.291666666666666
69.456433,target,40,12.54421768707483
69.610548,parent,40,10.597938144329897
70.431415,target,9,12.52027027027027
70.615228,target,48,12.758389261744966
70.904813,parent,9,10.581632653061224
71.143435,parent,30,10.777777777777779
71.434259,target,20,12.806666666666667
72.503753,parent,3,10.7
72.503859,target,47,13.033112582781458
72.624334,target,16,13.052631578947368
72.667949,parent,5,10.643564356435643
73.229171,parent,47,11.0
73.424514,parent,16,11.048543689320388
73.623266,target,9,13.026143790849673
73.642496,parent,6,11.0
74.16036,target,1,12.948051948051948
74.411992,target,83,13.4
75.013892,parent,16,11.047619047619047
75.134374,target,7,13.35897435897436
75.236415,parent,10,11.037735849056604
75.282579,target,19,13.394904458598726
75.334396,parent,6,10.990654205607477
75.359148,target,6,13.348101265822784
75.377077,target,6,13.30188679245283
75.377159,target,27,13.3875
75.468857,parent,19,11.064814814814815
75.511647,parent,10,11.055045871559633
75.648803,target,30,13.490683229813664
75.888542,target,4,13.432098765432098
76.441878,target,51,13.662576687116564
77.170366,target,17,13.682926829268293
77.2844,parent,1,10.963636363636363
77.390722,parent,1,10.873873873873874
77.951398,parent,5,10.821428571428571
78.016786,parent,29,10.982300884955752
78.160762,target,21,13.727272727272727
78.415223,target,4,13.668674698795181
78.910013,target,5,13.616766467065869
78.954195,parent,27,11.12280701754386
79.154781,target,1,13.541666666666666
79.155045,parent,48,11.443478260869565
79.229137,target,4,13.485207100591715
79.359101,parent,5,11.387931034482758
79.499949,parent,8,11.35897435897436
80.624267,parent,2,11.279661016949152
80.624404,target,17,13.505882352941176
80.768032,target,4,13.450292397660819
80.952184,target,1,13.377906976744185
81.252013,target,18,13.404624277456648
81.512901,target,15,13.413793103448276
81.983527,target,45,13.594285714285714
82.395534,parent,1,11.193277310924369
82.722191,parent,1,11.108333333333333
82.986736,target,58,13.846590909090908
83.228838,target,12,13.836158192090396
83.341866,target,4,13.780898876404494
83.652001,target,5,13.731843575418994
83.746435,parent,32,11.28099173553719
84.146172,parent,29,11.426229508196721
84.336782,parent,14,11.447154471544716
84.625622,parent,11,11.443548387096774
85.17842,parent,6,11.4
85.23258,target,9,13.705555555555556
85.62297,parent,8,11.373015873015873
85.977384,target,10,13.685082872928177
86.114413,target,61,13.945054945054945
86.197815,parent,6,11.330708661417322
86.268789,parent,45,11.59375
86.468575,parent,37,11.790697674418604
86.701839,parent,65,12.2
86.834344,parent,3,12.129770992366412
87.134216,parent,51,12.424242424242424
87.162837,parent,1,12.338345864661655
87.162915,parent,8,12.305970149253731
87.473942,target,4,13.890710382513662
87.832464,parent,43,12.533333333333333
88.134585,parent,2,12.455882352941176
88.187829,parent,3,12.386861313868613
88.777533,target,13,13.88586956521739
88.777677,parent,39,12.579710144927537
89.400768,target,28,13.962162162162162
90.18791,target,22,14.005376344086022
90.395806,parent,18,12.618705035971223
90.529953,target,11,13.989304812834225
90.619613,target,22,14.03191489361702
91.353944,target,53,14.238095238095237
91.378651,target,11,14.221052631578948
91.44338,parent,5,12.564285714285715
91.518441,target,16,14.230366492146597
91.626852,parent,14,12.574468085106384
91.701783,parent,1,12.492957746478874
91.984355,parent,2,12.41958041958042
92.94347,parent,8,12.38888888888889
93.366612,parent,9,12.36551724137931
93.716478,target,20,14.260416666666666
94.098078,parent,1,12.287671232876713
94.640653,parent,14,12.299319727891156
95.174985,target,3,14.202072538860104
95.222438,target,60,14.438144329896907
95.627559,parent,24,12.378378378378379
95.789246,target,11,14.42051282051282
96.633245,parent,1,12.302013422818792
97.17563,target,10,14.39795918367347
97.871945,target,14,14.395939086294415
98.178762,target,1,14.328282828282829
98.421205,target,3,14.271356783919598
98.738391,target,61,14.505
99.21418,parent,7,12.266666666666667
99.385188,parent,74,12.675496688741722
99.482907,parent,40,12.855263157894736
99.750594,target,12,14.492537313432836
99.83878,parent,48,13.084967320261438
100.273648,target,10,14.470297029702971
100.460242,target,11,14.45320197044335
100.633416,parent,15,13.097402597402597
100.874987,parent,2,13.025806451612903
101.184463,target,34,14.549019607843137
102.135526,target,15,14.551219512195122
102.198229,target,8,14.519417475728156
102.346564,target,43,14.657004830917874
102.88195,parent,1,12.948717948717949
102.980324,target,31,14.735576923076923
103.241961,target,11,14.717703349282298
103.381377,parent,55,13.21656050955414
103.458176,parent,48,13.436708860759493
103.877731,parent,8,13.40251572327044
104.450035,parent,3,13.3375
104.650317,parent,62,13.639751552795031
104.698784,parent,26,13.716049382716049
104.787354,target,61,14.938095238095238
104.883105,target,18,14.95260663507109
105.114399,target,26,15.004716981132075
105.185652,parent,22,13.766871165644172
105.462396,target,5,14.95774647887324
105.702562,target,10,14.934579439252337
105.900425,target,46,15.07906976744186
106.023231,parent,2,13.695121951219512
106.166885,parent,3,13.63030303030303
106.448663,parent,24,13.69277108433735
106.836603,parent,38,13.838323353293413
107.114785,parent,2,13.767857142857142
107.392737,parent,94,14.242603550295858
107.602147,target,20,15.101851851851851
107.629589,target,10,15.078341013824884
107.949879,target,7,15.041284403669724
108.395652,parent,63,14.529411764705882
108.421802,target,1,14.97716894977169
108.620303,target,9,14.95
108.975963,target,14,14.945701357466064
109.20375,parent,7,14.485380116959064
109.203962,target,5,14.9009009009009
109.409522,target,54,15.076233183856502
109.434288,target,3,15.022321428571429
109.460243,parent,14,14.482558139534884
109.743138,target,1,14.96
109.769031,target,16,14.964601769911505
109.891039,target,7,14.929515418502202
109.967644,parent,1,14.404624277456648
110.093898,target,22,14.960526315789474
110.182986,parent,1,14.327586206896552
110.414593,parent,19,14.354285714285714
110.697198,target,51,15.117903930131005
111.203771,parent,2,14.284090909090908
111.203913,target,12,15.104347826086956
111.462712,target,9,15.077922077922079
111.462928,target,4,15.030172413793103
111.945919,parent,9,14.254237288135593
112.034894,parent,3,14.191011235955056
112.879299,parent,5,14.139664804469273
113.111226,parent,7,14.1
113.242346,parent,1,14.027624309392266
113.440633,target,3,14.978540772532188
113.469687,parent,28,14.104395604395604
113.951935,parent,5,14.05464480874317
114.448292,target,7,14.944444444444445
114.448398,parent,2,13.98913043478261
114.480999,target,16,14.948936170212766
115.039277,target,6,14.911016949152541
115.758945,target,72,15.151898734177216
116.383806,target,19,15.168067226890756
116.743237,parent,39,14.124324324324323
116.855074,target,7,15.133891213389122
117.183588,target,12,15.120833333333334
117.219902,target,24,15.157676348547717
117.500295,parent,10,14.102150537634408
117.866873,parent,5,14.053475935828876
118.220162,target,4,15.111570247933884
118.424293,parent,4,14.0
118.650262,parent,1,13.931216931216932
119.419637,target,8,15.08230452674897
119.737754,target,8,15.05327868852459
119.912086,parent,8,13.9
120.03108,parent,4,13.848167539267015
120.502302,parent,5,13.802083333333334
120.917501,target,4,15.008163265306122
121.034884,target,1,14.951219512195122
121.289499,parent,32,13.896373056994818
121.53841,parent,10,13.876288659793815
121.901138,target,28,15.004048582995951
122.011437,parent,2,13.815384615384616
122.095654,parent,71,14.107142857142858
122.165283,target,6,14.96774193548387
122.717017,target,1,14.911646586345382
122.717137,parent,55,14.314720812182742
122.857847,target,11,14.896
122.974055,parent,36,14.424242424242424
123.169912,parent,32,14.512562814070352
123.446974,parent,6,14.47
123.921737,parent,11,14.45273631840796
124.133527,parent,61,14.683168316831683
124.364937,parent,68,14.945812807881774
124.449376,target,7,14.864541832669323
124.50594,parent,73,15.230392156862745
124.679401,target,9,14.841269841269842
124.902002,target,60,15.019762845849803
124.974654,target,9,14.996062992125983
125.003806,parent,15,15.229268292682926
125.176761,target,2,14.945098039215686
125.537089,target,29,15.0
126.029705,target,25,15.038910505836576
126.197853,parent,10,15.20388349514563
126.260265,target,16,15.042635658914728
126.402708,parent,8,15.169082125603865
126.661353,target,22,15.069498069498069
126.661476,parent,21,15.197115384615385
126.887707,parent,1,15.129186602870814
127.028835,target,3,15.023076923076923
128.113779,target,3,14.977011494252874
128.167057,parent,52,15.304761904761905
128.407409,target,12,14.965648854961833
128.407514,target,4,14.923954372623575
129.037479,parent,5,15.255924170616113
129.19766,parent,2,15.193396226415095
129.423561,target,7,14.893939393939394
129.484329,parent,6,15.150234741784038
130.185877,parent,8,15.116822429906541
130.256118,target,8,14.867924528301886
130.2883,target,3,14.823308270676693
130.657598,parent,8,15.083720930232559
131.234097,target,11,14.808988764044944
132.027335,target,2,14.761194029850746
132.118773,target,6,14.728624535315985
132.118895,parent,4,15.032407407407407
132.385696,parent,29,15.096774193548388
132.763314,parent,77,15.380733944954128
132.882881,parent,3,15.32420091324201
132.971616,parent,30,15.39090909090909
133.668833,target,23,14.75925925925926
133.696022,target,1,14.708487084870848
133.929235,target,3,14.665441176470589
134.164045,parent,5,15.343891402714933
134.404527,parent,35,15.432432432432432
134.496425,parent,46,15.5695067264574
134.914219,parent,10,15.544642857142858
134.976721,parent,19,15.56
135.210819,parent,16,15.561946902654867
135.243041,target,32,14.728937728937728
135.243163,parent,13,15.550660792951541
135.695542,target,9,14.708029197080291
135.727648,target,9,14.687272727272727
135.937724,parent,63,15.758771929824562
136.380843,target,5,14.652173913043478
136.620867,target,14,14.649819494584838
136.680067,target,1,14.600719424460431
137.473661,target,2,14.555555555555555
138.18294,target,5,14.521428571428572
138.214178,parent,35,15.842794759825328
138.214272,parent,10,15.817391304347826
138.282472,target,17,14.530249110320284
138.670659,parent,15,15.813852813852813
138.770986,target,15,14.53191489361702
139.411289,parent,20,15.831896551724139
139.514387,target,47,14.646643109540635
139.514473,parent,15,15.82832618025751
139.929571,parent,16,15.82905982905983
140.123755,parent,1,15.76595744680851
140.687937,target,20,14.665492957746478
140.785368,parent,31,15.830508474576272
141.235255,parent,10,15.80590717299578
141.38581,parent,11,15.785714285714286
141.663749,parent,12,15.769874476987448
141.734524,parent,8,15.7375
142.214346,target,7,14.63859649122807
142.251022,parent,63,15.933609958506224
142.677348,target,7,14.611888111888112
142.748558,target,2,14.567944250871081
142.942901,parent,66,16.140495867768596
143.278684,parent,6,16.098765432098766
143.389972,target,7,14.541666666666666
143.475813,parent,54,16.25409836065574
143.634089,target,5,14.508650519031141
143.938392,target,21,14.53103448275862
143.977105,parent,11,16.23265306122449
144.935139,parent,58,16.402439024390244
145.233336,target,17,14.539518900343642
145.233413,target,15,14.54109589041096
145.651347,target,44,14.641638225255972
146.109223,parent,8,16.36842105263158
146.191626,parent,10,16.342741935483872
146.489254,parent,2,16.285140562248998
146.526995,target,30,14.693877551020408
147.224636,target,2,14.650847457627119
147.353285,parent,4,16.236
147.3921,target,16,14.655405405405405
147.624143,target,23,14.683501683501683
148.118551,parent,3,16.183266932270918
148.201621,target,20,14.701342281879194
148.695909,target,26,14.73913043478261
148.696036,target,6,14.71
148.854863,parent,1,16.123015873015873
149.353983,parent,2,16.067193675889328
149.518435,target,16,14.714285714285714
149.609105,parent,40,16.161417322834644
149.78297,target,23,14.741721854304636
150.215486,parent,1,16.101960784313725
150.249399,target,18,14.752475247524753
150.73528,target,57,14.891447368421053
150.735398,target,5,14.859016393442623
150.735552,target,17,14.866013071895425
151.699257,target,30,14.915309446254073
151.898437,parent,21,16.12109375
152.446961,target,19,14.928571428571429
152.485606,parent,54,16.268482490272373
152.519618,parent,13,16.25581395348837
152.858707,parent,20,16.27027027027027
153.220387,target,11,14.915857605177994
153.25579,parent,13,16.25769230769231
153.255999,parent,7,16.22222222222222
153.422333,target,7,14.890322580645162
153.457864,target,9,14.871382636655948
154.246609,target,4,14.836538461538462
154.452569,target,6,14.808306709265176
154.521545,parent,26,16.259541984732824
155.021448,target,16,14.812101910828025
155.202652,parent,6,16.220532319391634
155.238305,target,2,14.771428571428572
155.625448,target,10,14.75632911392405
155.769642,target,23,14.782334384858045
155.868212,target,7,14.757861635220126
156.011776,parent,72,16.431818181818183
156.866398,parent,9,16.40377358490566
157.278896,parent,103,16.729323308270676
157.371358,target,18,14.768025078369906
157.441965,parent,12,16.711610486891384
157.611102,parent,15,16.705223880597014
157.924798,target,8,14.746875
158.204535,target,1,14.70404984423676
158.245868,target,24,14.732919254658386
158.381359,parent,62,16.87360594795539
158.485728,parent,24,16.9
158.485916,target,41,14.814241486068111
158.934613,parent,1,16.84132841328413
159.356066,target,15,14.814814814814815
159.392051,target,9,14.796923076923077
159.424953,parent,1,16.783088235294116
159.634561,target,1,14.754601226993865
159.712926,target,27,14.792048929663608
160.223823,parent,35,16.84981684981685
160.223998,parent,1,16.791970802919707
160.224071,parent,8,16.76
160.394762,parent,21,16.77536231884058
160.430252,parent,12,16.75812274368231
160.697679,target,3,14.75609756097561
160.899309,target,3,14.720364741641337
161.68613,target,5,14.690909090909091
161.859822,parent,2,16.705035971223023
161.859913,target,4,14.658610271903322
162.035305,target,23,14.683734939759036
162.437778,parent,2,16.65232974910394
162.72894,parent,15,16.646428571428572
162.944894,target,30,14.72972972972973
162.944983,target,8,14.709580838323353
163.202471,target,2,14.671641791044776
163.242531,target,4,14.639880952380953
163.783559,parent,11,16.626334519572953
164.191942,parent,34,16.68794326241135
164.44124,target,11,14.629080118694363
164.441353,parent,42,16.7773851590106
165.222579,parent,6,16.739436619718308
165.22272,parent,23,16.76140350877193
165.440058,target,57,14.754437869822485
165.969377,target,33,14.808259587020649
166.383816,parent,23,16.783216783216783
167.257158,target,8,14.788235294117648
167.929049,parent,11,16.76306620209059
167.968634,parent,7,16.729166666666668
168.036194,target,18,14.79765395894428
168.533385,parent,8,16.698961937716263
168.917153,target,77,14.97953216374269
168.917324,target,12,14.970845481049563
168.951029,parent,28,16.73793103448276
168.988264,target,11,14.959302325581396
169.255857,parent,6,16.701030927835053
169.255975,parent,2,16.65068493150685
169.474166,target,28,14.997101449275362
169.660687,target,7,14.973988439306359
169.953575,parent,4,16.607508532423207
170.235579,parent,2,16.5578231292517
170.235686,parent,1,16.505084745762712
170.468592,target,15,14.97406340057637
170.468705,parent,1,16.4527027027027
170.650789,target,5,14.945402298850574
171.253414,target,11,14.934097421203438
171.630651,parent,2,16.404040404040405
171.712925,target,102,15.182857142857143
171.757258,target,3,15.148148148148149
171.757431,parent,20,16.416107382550337
171.984427,target,5,15.119318181818182
172.029297,parent,8,16.387959866220736
172.029399,target,31,15.164305949008499
172.287743,parent,4,16.346666666666668
172.287836,parent,49,16.45514950166113
172.744747,parent,12,16.44039735099338
173.372412,parent,11,16.422442244224424
173.889518,parent,1,16.37171052631579
173.889785,target,5,15.135593220338983
174.444985,target,2,15.098591549295774
174.445175,parent,18,16.37704918032787
174.445201,parent,18,16.38235294117647
174.759133,parent,31,16.429967426710096
174.888097,parent,20,16.441558441558442
175.03072,target,15,15.098314606741573
175.485797,target,9,15.081232492997199
176.238596,target,9,15.064245810055866
176.49159,parent,6,16.40776699029126
176.74399,target,7,15.041782729805014
177.383254,target,6,15.016666666666667
177.874973,parent,27,16.441935483870967
177.922037,target,6,14.99168975069252
178.27807,target,4,14.96132596685083
179.019674,target,2,14.925619834710744
179.166874,parent,8,16.414790996784564
179.26654,target,30,14.967032967032967
179.465189,target,4,14.936986301369863
179.511809,parent,20,16.42628205128205
179.624268,target,6,14.912568306010929
180.694169,target,7,14.89100817438692
180.871936,target,20,14.904891304347826
180.928082,parent,5,16.389776357827476
180.986126,target,16,14.907859078590786
181.162426,target,7,14.886486486486486
181.715776,target,53,14.98921832884097
182.516809,parent,4,16.35031847133758
182.630206,parent,31,16.396825396825395
182.868548,parent,9,16.373417721518987
183.001833,parent,16,16.37223974763407
183.412046,parent,14,16.364779874213838
183.745261,parent,2,16.31974921630094
183.86382,target,8,14.970430107526882
183.945984,target,8,14.951742627345844
184.262424,parent,11,16.303125
184.423746,parent,24,16.327102803738317
184.46327,parent,1,16.279503105590063
184.667455,parent,27,16.312693498452013
184.70935,parent,13,16.30246913580247
184.963119,parent,3,16.26153846153846
185.485939,parent,2,16.217791411042946
185.725208,target,2,14.917112299465241
185.877294,parent,96,16.46177370030581
185.92548,parent,21,16.475609756097562
186.481285,target,9,14.901333333333334
187.699627,parent,25,16.501519756838906
188.278315,target,70,15.047872340425531
188.675704,parent,1,16.454545454545453
188.755669,parent,6,16.42296072507553
189.469937,target,5,15.021220159151193
189.620373,parent,13,16.412650602409638
189.697852,parent,13,16.4024024024024
189.697976,target,2,14.986772486772487
190.252481,target,2,14.952506596306069
190.52986,parent,38,16.46706586826347
190.994058,target,20,14.965789473684211
191.189114,target,8,14.94750656167979
191.476315,parent,7,16.438805970149254
191.519322,parent,19,16.446428571428573
191.862311,target,9,14.93193717277487
191.9564,parent,6,16.415430267062316
191.995302,target,21,14.947780678851174
192.614939,parent,89,16.630177514792898
192.744634,target,29,14.984375
192.782995,parent,26,16.657817109144542
192.982041,target,20,14.997402597402598
192.982142,target,23,15.018134715025907
193.024285,target,12,15.010335917312661
193.223307,target,3,14.97938144329897
193.264254,parent,28,16.691176470588236
193.466287,target,35,15.030848329048844
193.691294,parent,5,16.656891495601172
193.775039,target,4,15.002564102564103
194.139213,parent,21,16.669590643274855
194.192031,target,28,15.035805626598465
194.234186,target,3,15.005102040816327
194.234322,target,3,14.974554707379134
194.477249,parent,23,16.68804664723032
194.521618,parent,6,16.656976744186046
195.28411,parent,7,16.628985507246377
195.480683,parent,27,16.658959537572255
195.480801,parent,57,16.77521613832853
196.766723,target,7,14.954314720812183
196.955619,parent,1,16.729885057471265
197.529465,parent,4,16.693409742120345
197.64486,target,8,14.936708860759493
197.934331,target,33,14.982323232323232
197.977866,parent,39,16.757142857142856
198.218686,parent,13,16.746438746438745
198.378405,target,3,14.952141057934508
198.457965,target,3,14.922110552763819
198.458039,parent,2,16.704545454545453
198.77398,target,151,15.263157894736842
199.218038,parent,13,16.694050991501417
199.265401,parent,2,16.652542372881356
199.76035,target,90,15.45
200.239203,parent,3,16.614084507042254
200.616919,target,6,15.42643391521197
200.617029,parent,9,16.59269662921348
200.700412,target,14,15.422885572139304
201.26138,parent,11,16.57703081232493
201.261513,target,14,15.419354838709678
201.461763,target,3,15.388613861386139
201.503265,target,12,15.380246913580248
201.669297,parent,52,16.675977653631286
201.756889,target,22,15.39655172413793
201.967891,target,11,15.385749385749385
201.968006,target,26,15.411764705882353
201.968038,parent,9,16.654596100278553
202.498866,target,36,15.462102689486553
202.658945,parent,1,16.61111111111111
202.785549,parent,45,16.689750692520775
203.263765,target,4,15.434146341463414
203.26384,parent,24,16.709944751381215
203.473305,parent,11,16.694214876033058
203.473422,parent,37,16.75
203.521891,target,11,15.423357664233576
203.71203,parent,6,16.720547945205478
204.242145,target,5,15.398058252427184
204.492506,parent,16,16.718579234972676
204.492685,target,8,15.380145278450364
204.634816,parent,33,16.762942779291553
204.729053,parent,1,16.720108695652176
204.782548,parent,4,16.685636856368564
205.218113,target,2,15.347826086956522
205.261165,target,37,15.4
205.642511,parent,17,16.686486486486487
205.740829,target,27,15.427884615384615
206.485512,target,14,15.424460431654676
206.964381,target,2,15.392344497607656
208.2762,target,7,15.372315035799522
208.53592,target,4,15.345238095238095
209.030481,target,22,15.36104513064133
209.030592,parent,8,16.663072776280323
209.415234,target,16,15.362559241706162
209.461428,parent,22,16.677419354838708
209.461552,parent,33,16.72117962466488
209.634779,target,3,15.333333333333334
209.681922,parent,13,16.711229946524064
209.682035,parent,4,16.677333333333333
210.261394,target,48,15.410377358490566
210.261476,target,20,15.421176470588236
210.696359,target,11,15.410798122065728
210.696465,target,13,15.405152224824356
211.003233,parent,9,16.65691489361702
211.280703,target,26,15.429906542056075
211.280862,target,12,15.421911421911421
211.498478,target,15,15.42093023255814
211.621941,target,76,15.561484918793504
211.945364,parent,1,16.615384615384617
211.992579,parent,21,16.626984126984127
212.184826,parent,23,16.643799472295516
212.280379,parent,28,16.673684210526314
212.775225,target,12,15.55324074074074
213.284741,target,3,15.524249422632794
213.502088,parent,16,16.671916010498688
213.679313,target,1,15.490783410138249
213.720559,parent,13,16.662303664921467
213.993816,parent,5,16.631853785900784
214.246745,target,8,15.473563218390805
214.73259,parent,15,16.627604166666668
214.732745,parent,5,16.5974025974026
214.782906,target,33,15.513761467889909
214.910321,parent,4,16.564766839378237
215.229815,parent,5,16.53488372093023
215.663243,parent,2,16.49742268041237
215.760536,target,14,15.510297482837528
216.253579,target,1,15.47716894977169
216.390188,parent,6,16.470437017994858
216.738809,parent,23,16.487179487179485
216.738895,parent,43,16.554987212276213
216.878712,parent,5,16.525510204081634
216.932514,parent,37,16.577608142493638
216.981438,target,44,15.542141230068337
217.391744,parent,1,16.538071065989847
217.391856,target,2,15.511363636363637
217.772548,target,30,15.54421768707483
217.77264,parent,45,16.610126582278482
218.38712,target,2,15.513574660633484
218.487175,target,26,15.5372460496614
218.768178,parent,18,16.613636363636363
219.167055,target,3,15.50900900900901
219.224259,target,23,15.525842696629214
220.689943,parent,13,16.604534005037785
221.017274,target,3,15.497757847533633
221.383143,target,11,15.487695749440716
221.432939,target,6,15.466517857142858
221.484728,target,75,15.599109131403118
221.484799,parent,88,16.78391959798995
221.484819,parent,8,16.761904761904763
221.714525,parent,6,16.735
222.268847,target,6,15.577777777777778
222.399465,target,129,15.829268292682928
222.682779,parent,93,16.925187032418954
222.964765,target,69,15.946902654867257
223.377626,target,33,15.984547461368653
223.436572,target,45,16.048458149779737
223.436696,parent,30,16.95771144278607
223.488218,parent,56,17.054590570719604
223.764355,parent,6,17.027227722772277
224.174531,parent,23,17.041975308641977
224.275839,parent,9,17.02216748768473
225.028608,target,1,16.015384615384615
225.671144,parent,3,16.987714987714988
225.912593,target,10,16.00219298245614
226.011922,parent,4,16.955882352941178
226.279763,target,1,15.969365426695843
226.462051,target,51,16.04585152838428
226.742907,parent,9,16.936430317848412
226.969653,target,2,16.015250544662308
227.016663,target,4,15.98913043478261
227.016763,target,1,15.956616052060738
227.700922,parent,29,16.965853658536584
227.889348,parent,39,17.019464720194648
228.266551,parent,19,17.024271844660195
229.01269,parent,13,17.01452784503632
229.012786,target,20,15.965367965367966
229.180483,parent,13,17.004830917874397
230.035857,target,14,15.961123110151188
230.509673,parent,2,16.96867469879518
230.5099,target,7,15.941810344827585
231.253858,parent,36,17.014423076923077
231.485307,parent,17,17.014388489208635
232.178488,parent,6,16.98803827751196
232.178603,target,3,15.913978494623656
232.668917,target,2,15.88412017167382
232.89918,target,26,15.90578158458244
233.193691,target,16,15.905982905982906
233.27271,target,24,15.92324093816631
233.463702,parent,13,16.978520286396183
233.463913,parent,8,16.957142857142856
233.717607,parent,5,16.928741092636578
234.272032,target,7,15.904255319148936
234.66535,parent,38,16.97867298578199
234.787881,parent,11,16.9645390070922
235.402585,target,10,15.89171974522293
235.402768,target,4,15.866525423728813
235.69917,target,5,15.843551797040169
235.946332,target,3,15.816455696202532
235.94644,parent,3,16.931603773584907
236.026192,target,21,15.82736842105263
236.733524,target,10,15.815126050420169
237.701743,target,5,15.79245283018868
238.67433,target,3,15.765690376569038
238.753332,parent,17,16.931764705882355
239.428152,target,6,15.745302713987474
239.519925,parent,2,16.896713615023476
240.537622,parent,15,16.892271662763466
240.537756,target,12,15.7375
240.948966,parent,37,16.939252336448597
241.030133,target,49,15.806652806652806
241.469585,parent,2,16.904428904428904
241.971195,parent,5,16.876744186046512
241.9714,parent,9,16.858468677494198
242.5084,parent,42,16.916666666666668
242.508546,parent,20,16.92378752886836
243.674203,target,10,15.794605809128631
243.674333,parent,7,16.900921658986174
243.964044,parent,15,16.896551724137932
244.287059,target,75,15.917184265010352
244.934921,target,37,15.960743801652892
244.935033,parent,73,17.025229357798164
244.935132,target,34,15.997938144329897
245.506037,target,1,15.96707818930041
245.734067,target,20,15.97535934291581
245.734187,target,32,16.008196721311474
245.953783,parent,41,17.080091533180777
246.670981,parent,9,17.061643835616437
246.776324,parent,25,17.079726651480637
246.776425,parent,8,17.05909090909091
247.007861,parent,13,17.049886621315192
247.501089,target,23,16.02249488752556
247.951169,parent,13,17.040723981900452
248.531189,target,19,16.02857142857143
248.531381,parent,6,17.015801354401805
249.234501,parent,19,17.02027027027027
249.687234,parent,30,17.04943820224719
249.68736,target,5,16.0061099796334
249.687405,target,13,16.0
250.008891,target,12,15.991886409736308
250.00902,parent,8,17.02914798206278
250.48248,parent,10,17.013422818791945
250.726972,parent,28,17.037946428571427
251.207785,target,14,15.987854251012147
251.442329,target,17,15.98989898989899
251.44246,parent,12,17.02672605790646
252.01799,target,13,15.983870967741936
252.523819,parent,13,17.017777777777777
252.759794,target,5,15.961770623742455
252.759942,target,53,16.03614457831325
252.759993,target,1,16.006012024048097
253.005307,target,25,16.024
253.266257,target,6,16.003992015968063
253.266343,target,9,15.99003984063745
253.755562,parent,53,17.097560975609756
253.755637,parent,15,17.0929203539823
253.991599,parent,3,17.061810154525386
254.260023,target,3,15.964214711729623
254.260125,parent,41,17.11453744493392
254.512816,parent,15,17.10989010989011
254.981948,parent,10,17.094298245614034
255.497834,target,2,15.936507936507937
255.740623,target,9,15.922772277227724
255.985175,parent,18,17.09628008752735
256.236113,parent,118,17.316593886462883
256.726616,target,7,15.90513833992095
257.495888,target,11,15.895463510848126
258.232755,parent,73,17.437908496732025
258.703657,parent,5,17.410869565217393
259.230569,parent,11,17.39696312364425
259.755938,parent,6,17.372294372294373
260.342822,parent,3,17.341252699784018
260.595036,target,55,15.972440944881889
260.59518,parent,3,17.310344827586206
261.401985,parent,4,17.281720430107526
261.656367,parent,15,17.276824034334766
262.061784,parent,57,17.361884368308353
262.333893,parent,14,17.354700854700855
262.334105,parent,3,17.32409381663113
262.606163,parent,2,17.291489361702126
262.868765,parent,16,17.28874734607219
263.130055,target,9,15.958742632612967
263.130357,target,11,15.949019607843137
263.813167,parent,31,17.31779661016949
264.060448,target,2,15.921722113502936
264.060522,target,25,15.939453125
264.331189,target,46,15.998050682261209
264.33134,target,14,15.994163424124514
264.331414,target,18,15.998058252427185
265.062363,target,7,15.98062015503876
265.062496,parent,85,17.46088794926004
265.344213,target,7,15.963249516441007
266.141602,parent,5,17.434599156118143
266.141786,parent,36,17.473684210526315
267.122819,parent,40,17.521008403361346
267.38467,target,4,15.94015444015444
268.35413,target,2,15.913294797687861
269.084261,target,8,15.898076923076923
269.084598,target,29,15.923224568138195
270.054483,parent,25,17.536687631027252
270.324282,target,4,15.900383141762452
271.423914,parent,2,17.50418410041841
271.834569,parent,20,17.50939457202505
272.40212,target,22,15.91204588910134
272.665516,target,3,15.88740458015267
273.054592,target,21,15.897142857142857
273.358085,parent,24,17.522916666666667
273.627653,target,1,15.868821292775666
274.626761,parent,8,17.503118503118504
274.626889,target,4,15.846299810246679
276.658765,target,12,15.839015151515152
276.658855,target,40,15.88468809073724
278.346694,target,6,15.866037735849057
278.627105,target,32,15.896421845574388
278.627299,target,34,15.930451127819548
278.911127,target,8,15.915572232645403
278.911443,parent,13,17.493775933609957
279.683736,target,167,16.198501872659175
280.861839,target,13,16.192523364485982
280.861966,target,21,16.20149253731343
281.165971,parent,10,17.47826086956522
283.419715,target,13,16.195530726256983
285.119004,parent,2,17.446280991735538
285.11913,parent,38,17.48865979381443
286.61102,target,17,16.197026022304833
286.611224,target,7,16.179962894248607
287.177405,parent,11,17.47530864197531
287.889888,target,45,16.233333333333334
287.890071,parent,4,17.4476386036961
288.869401,parent,17,17.44672131147541
288.869513,target,9,16.21996303142329
288.869569,parent,15,17.441717791411044
289.597651,parent,23,17.453061224489797
289.89139,target,7,16.202952029520294
290.327606,target,15,16.20073664825046
291.651559,target,8,16.185661764705884
292.098093,target,7,16.16880733944954
292.098211,target,1,16.141025641025642
293.510246,target,153,16.391224862888482
294.549048,target,55,16.46167883211679
294.549165,target,88,16.591985428051
295.679861,target,41,16.636363636363637
296.108542,parent,5,17.427698574338084
296.412042,target,14,16.63157894736842
297.175699,target,48,16.68840579710145
297.175847,target,11,16.678119349005424
297.175916,parent,5,17.402439024390244
297.595551,parent,4,17.375253549695742
297.892158,parent,9,17.358299595141702
297.892278,parent,38,17.4
298.315924,parent,1,17.366935483870968
298.899267,target,4,16.65523465703971
301.216201,parent,8,17.348088531187123
302.875784,target,34,16.686486486486487
303.199481,parent,31,17.37550200803213
303.638904,target,7,16.66906474820144
303.638987,parent,5,17.350701402805612
304.070815,target,26,16.685816876122082
304.391801,target,6,16.666666666666668
304.391988,target,17,16.667262969588553
304.824867,parent,12,17.34
305.137606,target,57,16.739285714285714
305.594438,parent,9,17.323353293413174
305.59456,parent,5,17.298804780876495
305.89662,parent,19,17.302186878727635
306.333595,target,3,16.714795008912656
306.333829,target,67,16.80427046263345
306.333906,parent,41,17.349206349206348
306.629509,parent,8,17.330693069306932
307.56972,target,3,16.7797513321492
307.878909,target,2,16.75354609929078
307.879054,parent,11,17.318181818181817
308.647575,target,8,16.738053097345134
309.870984,parent,51,17.384615384615383
310.356911,parent,13,17.375984251968504
310.664526,target,4,16.715547703180214
312.876738,target,1,16.687830687830687
313.683398,parent,4,17.349705304518665
313.683699,target,10,16.676056338028168
314.60277,target,2,16.650263620386642
314.924032,target,63,16.731578947368423
315.39698,target,18,16.733800350262698
316.186942,parent,11,17.337254901960783
318.392233,target,19,16.737762237762237
318.873356,parent,10,17.322896281800393
319.845626,target,3,16.713787085514834
319.845821,target,16,16.71254355400697
321.142132,parent,68,17.421875
322.878726,target,3,16.688695652173912
322.878811,parent,5,17.39766081871345
323.393609,parent,30,17.42217898832685
324.864576,parent,4,17.39611650485437
324.864674,target,17,16.68923611111111
326.895062,parent,4,17.37015503875969
327.405733,parent,4,17.344294003868473
327.900287,target,35,16.7209705372617
328.401463,target,5,16.70069204152249
328.879235,target,3,16.677029360967186
329.95014,target,110,16.837931034482757
329.950213,target,33,16.865748709122204
330.986466,parent,3,17.316602316602317
331.524838,target,2,16.84020618556701
333.031158,parent,16,17.314065510597302
333.544898,parent,16,17.31153846153846
334.04863,parent,9,17.295585412667947
336.348497,parent,27,17.314176245210728
337.557506,parent,6,17.292543021032504
338.069883,parent,37,17.330152671755727
339.298885,parent,13,17.32190476190476
340.843218,parent,5,17.29847908745247
341.542258,target,43,16.88507718696398
342.075612,target,3,16.861301369863014
342.784847,target,13,16.854700854700855
344.024683,parent,14,17.292220113851993
344.54446,parent,139,17.522727272727273
345.764513,target,22,16.86348122866894
345.764672,parent,5,17.49905482041588
346.517436,target,5,16.843270868824533
347.826514,target,2,16.818027210884352
347.826604,parent,34,17.530188679245285
348.350372,parent,32,17.55743879472693
351.37799,parent,1,17.526315789473685
351.378068,parent,24,17.53846153846154
352.102549,parent,13,17.529962546816478
353.652977,target,0,16.789473684210527
353.653075,target,16,16.78813559322034
355.152331,target,16,16.78680203045685
355.85533,target,28,16.805743243243242
357.103082,parent,21,17.536448598130843
357.103256,target,5,16.7858347386172
358.685005,parent,5,17.513059701492537
358.685077,parent,1,17.482309124767227
359.471498,parent,41,17.526022304832715
359.471602,target,29,16.806397306397308
360.9816,parent,71,17.625231910946198
360.981796,parent,5,17.60185185185185
362.553731,target,72,16.899159663865547
363.455565,target,4,16.87751677852349
363.455664,target,2,16.852596314907874
364.213881,parent,22,17.609981515711645
364.213994,target,6,16.834448160535118
364.940477,target,3,16.81135225375626
367.895069,parent,29,17.6309963099631
368.741391,target,47,16.861666666666668
368.741572,target,4,16.84026622296173
370.281164,parent,31,17.65561694290976
371.0387,parent,29,17.676470588235293
372.025972,parent,10,17.662385321100917
374.063912,target,45,16.88704318936877
375.044848,parent,17,17.66117216117216
377.018713,target,3,16.86401326699834
378.965104,target,62,16.938741721854306
379.758919,parent,36,17.694698354661792
381.491554,parent,16,17.69160583941606
383.171921,parent,18,17.69216757741348
383.172022,parent,32,17.71818181818182
383.995896,target,31,16.96198347107438
383.996015,target,33,16.988448844884488
385.004391,target,29,17.00823723228995
385.004469,parent,21,17.724137931034484
385.004547,target,20,17.013157894736842
388.026817,parent,34,17.753623188405797
390.087072,parent,8,17.73598553345389
393.166212,parent,28,17.75451263537906
394.200894,target,9,17.0
396.448002,parent,6,17.733333333333334
397.473277,parent,5,17.71043165467626
400.658784,target,5,16.98032786885246
401.664418,parent,12,17.700179533213646
405.012841,target,10,16.968903436988544
405.012952,parent,1,17.670250896057347
406.300499,parent,2,17.642218246869408
406.300683,target,30,16.99019607843137
407.526955,parent,2,17.614285714285714
411.225271,parent,47,17.666666666666668
412.550793,parent,7,17.647686832740213
413.916414,parent,4,17.623445825932503
413.916579,parent,12,17.613475177304963
415.562169,parent,15,17.608849557522124
415.562266,parent,11,17.597173144876326
417.197075,parent,69,17.687830687830687
418.877775,target,4,16.96900489396411
422.034742,target,9,16.95602605863192
422.034843,parent,3,17.661971830985916
423.455821,target,11,16.946341463414633
424.826987,target,3,16.9237012987013
424.827072,target,3,16.901134521880063
424.827098,target,7,16.885113268608414
424.827141,parent,9,17.646748681898067
426.569662,parent,23,17.656140350877195
426.569729,parent,1,17.626970227670753
426.569756,parent,12,17.617132867132867
428.215126,target,6,16.867528271405494
428.215322,target,4,16.846774193548388
428.21547,parent,31,17.640488656195462
431.232723,target,2,16.822866344605476
432.679302,parent,16,17.637630662020907
435.435288,parent,1,17.608695652173914
438.145245,target,6,16.805466237942124
439.65087,target,1,16.780096308186195
442.32177,parent,18,17.609375
447.621519,target,7,16.764423076923077
447.621671,target,10,16.7536
448.934992,target,16,16.752396166134186
453.531982,parent,18,17.61005199306759
456.553057,parent,2,17.58304498269896
456.553221,target,7,16.736842105263158
458.061121,target,13,16.730891719745223
458.06127,target,23,16.740858505564386
458.061301,parent,20,17.587219343696027
459.649596,parent,6,17.567241379310346
459.649675,target,0,16.714285714285715
463.135973,parent,1,17.538726333907057
463.136132,parent,6,17.518900343642613
464.863346,target,19,16.717908082408876
469.912518,parent,2,17.49228130360206
471.799237,target,23,16.727848101265824
474.140235,parent,18,17.493150684931507
474.140347,target,3,16.70616113744076
474.140709,target,18,16.70820189274448
480.790668,target,12,16.700787401574804
482.854299,target,4,16.680817610062892
486.978078,target,31,16.703296703296704
491.582687,target,3,16.681818181818183
497.117954,target,7,16.666666666666668
499.980571,target,39,16.7015625
499.980722,parent,3,17.468376068376067
499.980775,parent,2,17.4419795221843
527.03844,target,11,16.692667706708267
540.611477,parent,89,17.56388415672913
545.490727,parent,44,17.608843537414966
552.163477,target,4,16.672897196261683
564.560009,target,5,16.654743390357698
564.56016,parent,5,17.587436332767403
564.560252,parent,7,17.56949152542373
564.560324,target,13,16.649068322981368
570.701185,parent,0,17.539763113367176
570.702047,target,5,16.631007751937986
577.357336,target,0,16.605263157894736
